<?xml version="1.0" ?>
<biblioteca>

	<libro id="1">
		<titulo> Harry Potter and the Philosopher's Stone </titulo>
		<autor> J. K. Rowling </autor>
		<anyo_publicacion> 1997 </anyo_publicacion>
		<editorial> Bloomsbury Publishing </editorial>
		<no_paginas> 223 </no_paginas>
	</libro>

	<libro id="2">
		<titulo> La historia interminable </titulo>
		<autor> Michael Ende </autor>
		<anyo_publicacion> 1979 </anyo_publicacion>
		<editorial> Thienemanns Verlag </editorial>
		<no_paginas> 420 </no_paginas>
	</libro>

	<libro id="3">
		<titulo> La piel de la memoria </titulo>
		<autor> Jordi Sierra i Fabra </autor>
		<anyo_publicacion> 2002 </anyo_publicacion>
		<editorial> Edelvives </editorial>
		<no_paginas> 194 </no_paginas>
	</libro>

</biblioteca>